{
    "intro" : [["Kogasa", "res://imgs/player_sprites/portraits4.png", "It's this place again..."],["Kogasa", "res://imgs/player_sprites/portraits1.png", "Where I walk and jump with the arrow keys..."],["Kogasa", "res://imgs/player_sprites/portraits4.png", "... tap 'up' in the air to float."],["Kogasa", "res://imgs/player_sprites/portraits4.png", "And use 'WASD' to block with my umbrella."],["Kogasa", "res://imgs/player_sprites/portraits1.png", "And absolutely don't try to block fire."],["Kogasa", "res://imgs/player_sprites/portraits4.png", "Don't even think about touching fire with my umbrella."],["Kogasa", "res://imgs/player_sprites/portraits2.png", "Time to do what I'm here for: rescue traumatized umbrellas!"]],
    "stage1_1" : [["???", "res://imgs/item_sprites/portraits13.png", "...all [color=#0c1699]alone[/color]...\n...want to die...\n...you left me all [color=#0c1699]alone[/color]..."]],
    "stage1_2" : [["???", "res://imgs/item_sprites/portraits12.png", "...Look around your seat..."],["???", "res://imgs/item_sprites/portraits12.png", "...You're forgetting something important!"],["???", "res://imgs/item_sprites/portraits12.png","You are forgetting me!"],["???", "res://imgs/item_sprites/portraits12.png","[color=#0c1699]Don't leave me![/color]"],["???", "res://imgs/item_sprites/portraits12.png", "[color=#0c1699][wave amp=25 freq=10]NoOoOoOoOoOOOooo![/wave][/color]"]],
    "stage2_1" : [["???", "res://imgs/item_sprites/portraits13.png", "...Everything I did for you..."],["???", "res://imgs/item_sprites/portraits13.png", "...Every good deed."],["???", "res://imgs/item_sprites/portraits13.png", "[color=#a70b0b][shake rate=5 level=10]I will undo with my own hands![/shake][/color]"]],
    "stage2_2" : [["???", "res://imgs/item_sprites/portraits12.png", "Betrayed once - never again."],["???", "res://imgs/item_sprites/portraits12.png", "The world shall burn with my [shake rate=5 level=10][color=#a70b0b]rage[/color][/shake]."]],
    "stage3_1" : [["???", "res://imgs/item_sprites/portraits13.png", "...[color=#5ebc19]other umbrellas get used[/color]"]],
    "stage3_2" : [["???", "res://imgs/item_sprites/portraits12.png", "Deeper...\nand deeper."],["???", "res://imgs/item_sprites/portraits12.png", "You have [color=#5ebc19]another umbrella[/color] now, I'm sure."],["???", "res://imgs/item_sprites/portraits12.png", "While [color=#5ebc19]I get buried deeper[/color] in the pile of trash in your basement!"]],
    "stage4_1" : [["???", "res://imgs/item_sprites/portraits13.png", "... I wish to go back.\n... [color=#0c1699]only tears now[/color]."],["???", "res://imgs/item_sprites/portraits13.png", "...meant nothing to you...\n...[color=#a70b0b]want to tear it all down.[/color]"]],
    "stage4_2" : [["???", "res://imgs/item_sprites/portraits12.png", "Thinking about how you threw me away [color=#0c1699]hurts[/color] so much."],["???", "res://imgs/item_sprites/portraits12.png", "Almost as much as [color=#a70b0b][shake rate=5 level=10]I want to hurt you[/shake][/color]!"]],
    "stage5_1" : [["???", "res://imgs/item_sprites/portraits13.png", "Expensive...\nDeluxe...\nIndestructible..."],["???", "res://imgs/item_sprites/portraits13.png", "Non-biodegradable... \nPlastic..."],["???", "res://imgs/item_sprites/portraits13.png", "We could have been [color=#9a248d]together forever[/color]."]],
    "stage5_2" : [["???", "res://imgs/item_sprites/portraits12.png", "I was assured I was the best umbrella."],["???", "res://imgs/item_sprites/portraits12.png", "High quality, ultra-resilient plastic."],["???", "res://imgs/item_sprites/portraits12.png", "We were going to watch your children grow up, [color=#9a248d]together[/color]."],["???", "res://imgs/item_sprites/portraits12.png", "I would have kept your grandchildren dry."],["???", "res://imgs/item_sprites/portraits12.png", "SO WHY AM I IN THE DUMPSTER?????"]],
    "outro" : [["???", "res://imgs/player_sprites/portraits3.png", "Don't be [color=#0c1699]sad[/color], [color=#a70b0b]angry[/color], [color=#5ebc19]jealous[/color] or [color=#9a248d]weird[/color]; everyone!"],["???", "res://imgs/player_sprites/portraits3.png", "I will take you to a place, where you can feed on humen's fears."],["???", "res://imgs/player_sprites/portraits3.png", "Together, we can perform the ultimate Karakasa technique!"],["???", "res://imgs/player_sprites/portraits6.png", "And thus Kogasa invented the 'Forgotten Umbrella's Night Train' spellcard."]],
}


